phi; theta; r
0;0;348.08

0;5;148.31
0;10;307.47

0;15;121.01
0;20;273.71
0;25;84.86

0;30;241.47
0;35;65.58

0;40;215.61
0;45;368.38
0;50;184.05

0;55;339.64
0;60;150.44
0;65;306.64

0;70;111.61
0;75;273.03

0;80;76.28
0;85;241.33
0;90;69.35

0;95;208.41
0;100;1.78
0;105;175.48

0;110;329.69
0;115;133.91

0;120;295.19
0;125;96.66
0;130;258.69

0;135;70.80
0;140;225.01
0;145;45.76

0;150;177.33
0;155;345.40

0;160;155.86
0;165;311.38
0;170;119.30

0;175;278.45
0;180;81.91
5;0;252.86

5;5;60.09
5;10;207.52

5;15;358.50
5;20;172.67
5;25;329.21

5;30;139.53
5;35;296.70
5;40;101.39

5;45;249.84
5;50;71.89

5;55;231.11
5;60;74.02
5;65;192.42

5;70;339.64
5;75;166.70
5;80;308.22

5;85;131.44
5;90;290.18
5;95;91.99
5;100;255.60
5;105;66.95
5;110;221.85

5;115;359.81
5;120;180.21
5;125;327.50

5;130;132.26
5;135;290.86
5;140;112.78

5;145;257.25
5;150;74.77

5;155;237.15
5;160;66.95
5;165;203.12

5;170;3.09
5;175;171.64
5;180;312.34

10;0;136.51
10;5;284.48

10;10;91.31
10;15;251.42
10;20;65.51

10;25;220.00
10;30;2.40
10;35;183.16
10;40;325.37

10;45;151.47
10;50;290.93
10;55;110.72

10;60;254.30
10;65;73.33

10;70;221.44
10;75;68.39
10;80;185.97

10;85;334.63
10;90;165.12
10;95;305.27

10;100;127.18
10;105;267.20

10;110;83.49
10;115;229.19
10;120;64.07

10;125;194.07
10;130;347.60
10;135;147.97

10;140;300.26
10;145;132.54

10;150;259.38
10;155;89.18
10;160;236.46

10;165;64.00
10;170;203.40

10;175;365.50
10;180;171.84
15;0;313.85

15;5;132.88
15;10;274.33
15;15;95.56

15;20;253.00
15;25;69.83

15;30;220.55
15;35;377.71
15;40;184.74

15;45;338.20
15;50;154.69
15;55;307.33

15;60;98.78
15;65;268.02

15;70;76.56
15;75;241.40
15;80;67.71

15;85;206.97
15;90;361.93
15;95;171.16

15;100;313.78
15;105;133.22

15;110;287.37
15;115;87.95
15;120;249.29

15;125;65.51
15;130;210.60
15;135;363.65

15;140;150.10
15;145;326.81

15;150;136.79
15;155;290.52
15;160;75.60

15;165;254.03
15;170;65.51
15;175;218.29

15;180;356.51
20;0;179.73

20;5;-1.00
20;10;135.28
20;15;296.35

20;20;104.48
20;25;266.24
20;30;71.55

20;35;231.53
20;40;69.35

20;45;183.78
20;50;337.58
20;55;162.31

20;60;316.73
20;65;103.52
20;70;282.08

20;75;85.61
20;80;249.16

20;85;64.00
20;90;213.96
20;95;353.98

20;100;178.09
20;105;318.10
20;110;140.08

20;115;281.33
20;120;95.01

20;125;259.31
20;130;67.64
20;135;223.29

20;140;111.34
20;145;186.80
20;150;328.18

20;155;150.78
20;160;290.93

20;165;110.65
20;170;254.71
20;175;71.89

20;180;232.14
25;0;67.64
25;5;-1.00

25;10;204.70
25;15;161.62

25;20;306.71
25;25;128.56
25;30;270.76

25;35;89.18
25;40;237.08
25;45;63.39

25;50;217.19
25;55;107.84

25;60;176.65
25;65;322.49
25;70;147.22

25;75;287.98
25;80;110.03
25;85;254.99

25;90;74.09
25;95;222.81

25;100;66.82
25;105;187.42
25;110;339.78

25;115;163.27
25;120;295.94
25;125;125.74

25;130;260.06
25;135;84.17

25;140;230.63
25;145;61.26
25;150;195.58

25;155;339.57
25;160;160.87
25;165;313.02

25;170;135.35
25;175;280.16

25;180;93.43
30;0;233.51
30;5;63.46

30;10;-1.00
30;15;62.70
30;20;177.61

30;25;317.41
30;30;141.73

30;35;296.70
30;40;115.93
30;45;247.17

30;50;77.72
30;55;228.51
30;60;65.51

30;65;199.21
30;70;337.51

30;75;168.28
30;80;327.57
30;85;135.97

30;90;288.87
30;95;95.63
30;100;260.06

30;105;66.27
30;110;223.57

30;115;376.20
30;120;172.60
30;125;318.17

30;130;146.05
30;135;282.29

30;140;104.55
30;145;266.51
30;150;71.21

30;155;229.95
30;160;73.68
30;165;194.07

30;170;347.60
30;175;154.01

30;180;308.01
35;0;117.44
35;5;268.64

35;10;-1.00
35;15;225.01
35;20;65.03

35;25;191.19
35;30;-1.00

35;35;159.43
35;40;323.86
35;45;134.39

35;50;290.66
35;55;94.81
35;60;256.29

35;65;60.51
35;70;214.92

35;75;360.77
35;80;186.32
35;85;324.96

35;90;151.19
35;95;304.58
35;100;110.72

35;105;270.22
35;110;51.11

35;115;231.11
35;120;71.21
35;125;194.55

35;130;333.94
35;135;157.30
35;140;296.42

35;145;117.17
35;150;272.27

35;155;75.46
35;160;236.26
35;165;64.69

35;170;198.80
35;175;-1.00
35;180;-1.00

40;0;-1.00
40;5;-1.00

40;10;-1.00
40;15;51.86
40;20;241.47

40;25;66.89
40;30;215.34
40;35;359.81

40;40;184.47
40;45;323.86

40;50;147.97
40;55;288.74
40;60;107.77

40;65;253.00
40;70;72.72
40;75;218.22

40;80;67.71
40;85;197.43

40;90;337.44
40;95;162.31
40;100;302.32

40;105;123.55
40;110;265.07
40;115;80.47

40;120;221.37
40;125;61.12

40;130;184.47
40;135;336.76
40;140;166.84

40;145;307.40
40;150;129.38
40;155;270.08

40;160;86.98
40;165;234.96

40;170;62.56
40;175;199.90
40;180;351.09

45;0;-1.00
45;5;-1.00
45;10;-1.00

45;15;225.63
45;20;104.89

45;25;251.49
45;30;71.96
45;35;218.56

45;40;74.16
45;45;168.96
45;50;336.07

45;55;148.24
45;60;286.54

45;65;117.17
45;70;270.08
45;75;82.80

45;80;224.25
45;85;67.71
45;90;211.29

45;95;364.81
45;100;177.67

45;105;330.38
45;110;136.79
45;115;271.52

45;120;74.77
45;125;255.12

45;130;64.28
45;135;216.30
45;140;351.16

45;145;157.51
45;150;335.32
45;155;141.04

45;160;293.81
45;165;98.03

45;170;259.38
45;175;64.76
45;180;219.18

50;0;375.04
50;5;173.35
50;10;325.99

50;15;142.48
50;20;288.81

50;25;100.16
50;30;254.78
50;35;72.17

50;40;227.48
50;45;57.14
50;50;197.43

50;55;333.53
50;60;160.87

50;65;305.34
50;70;123.89
50;75;279.48

50;80;83.76
50;85;244.22
50;90;68.67

50;95;209.92
50;100;346.77

50;105;173.08
50;110;311.44
50;115;135.00

50;120;288.12
50;125;90.62
50;130;251.21

50;135;63.39
50;140;213.21

50;145;352.54
50;150;175.96
50;155;315.29

50;160;137.20
50;165;277.69
50;170;92.75

50;175;253.00
50;180;64.00

55;0;216.09
55;5;361.18
55;10;181.65

55;15;334.63
55;20;148.72
55;25;289.42

55;30;109.90
55;35;253.68

55;40;73.40
55;45;232.83
55;50;69.08

55;55;198.19
55;60;337.51
55;65;154.42

55;70;302.39
55;75;126.43

55;80;262.94
55;85;86.30
55;90;232.76

55;95;64.83
55;100;198.80
55;105;135.35

55;110;175.55
55;115;307.33

55;120;137.20
55;125;277.21
55;130;93.43

55;135;239.28
55;140;66.20
55;145;204.91

55;150;358.23
55;155;167.25

55;160;319.68
55;165;143.17
55;170;284.48

55;175;101.25
55;180;247.92
60;0;67.64

60;5;221.30
60;10;70.52

60;15;189.13
60;20;333.94
60;25;132.12

60;30;299.51
60;35;121.70
60;40;265.07

60;45;80.61
60;50;217.74

60;55;65.51
60;60;182.75
60;65;354.66

60;70;148.18
60;75;309.59
60;80;117.31

60;85;274.47
60;90;79.85

60;95;262.26
60;100;69.77
60;105;205.59

60;110;379.77
60;115;168.34

60;120;318.92
60;125;148.18
60;130;306.02

60;135;109.49
60;140;269.32
60;145;73.47

60;150;232.07
60;155;71.48

60;160;196.26
60;165;349.72
60;170;155.38

60;175;308.08
60;180;115.25
65;0;273.65

65;5;73.61
65;10;215.61

65;15;64.00
65;20;203.33
65;25;357.68

65;30;168.28
65;35;321.73
65;40;130.34

65;45;285.86
65;50;89.87

65;55;251.28
65;60;66.89
65;65;211.70

65;70;57.83
65;75;183.16
65;80;337.79

65;85;146.87
65;90;302.39

65;95;107.36
65;100;266.58
65;105;71.28

65;110;230.02
65;115;75.60
65;120;194.62

65;125;330.38
65;130;156.55

65;135;294.91
65;140;115.73
65;145;271.52

65;150;57.62
65;155;234.06
65;160;67.71

65;165;198.12
65;170;172.39

65;175;159.43
65;180;299.51
70;0;120.05

70;5;274.13
70;10;78.41
70;15;238.25

70;20;66.27
70;25;208.96

70;30;348.90
70;35;173.83
70;40;313.85

70;45;137.13
70;50;277.28
70;55;94.26

70;60;242.50
70;65;67.02

70;70;220.00
70;75;361.80
70;80;186.73

70;85;326.81
70;90;150.78
70;95;290.11

70;100;111.48
70;105;254.99

70;110;72.65
70;115;219.25
70;120;69.77

70;125;174.45
70;130;334.63
70;135;158.26

70;140;296.63
70;145;116.35

70;150;259.38
70;155;78.41
70;160;223.50

70;165;67.71
70;170;186.11
70;175;167.59

70;180;151.54
75;0;297.38

75;5;122.11
75;10;277.28
75;15;82.05

75;20;233.51
75;25;64.83
75;30;201.96

75;35;1.72
75;40;164.09

75;45;318.85
75;50;130.75
75;55;284.48

75;60;102.42
75;65;252.31

75;70;69.83
75;75;222.74
75;80;77.11

75;85;196.33
75;90;350.41
75;95;156.13

75;100;316.04
75;105;123.14
75;110;276.60

75;115;77.93
75;120;242.16

75;125;67.02
75;130;207.03
75;135;359.81

75;140;151.81
75;145;312.40
75;150;131.09

75;155;284.42
75;160;88.01

75;165;253.00
75;170;69.77
75;175;214.92

75;180;368.59
80;0;184.05
80;5;318.85

80;10;137.34
80;15;290.80

80;20;98.78
80;25;261.43
80;30;69.35

80;35;227.82
80;40;365.84
80;45;192.70

80;50;346.43
80;55;150.71

80;60;312.20
80;65;117.10
80;70;272.62

80;75;72.92
80;80;243.32

80;85;68.33
80;90;211.01
80;95;348.56

80;100;175.55
80;105;329.21
80;110;138.92

80;115;292.99
80;120;94.94

80;125;257.87
80;130;66.54
80;135;222.61

80;140;61.81
80;145;187.48
80;150;324.62

80;155;150.03
80;160;289.56

80;165;108.46
80;170;269.39
80;175;73.47

80;180;234.68
85;0;367.63
85;5;183.85

85;10;-1.00
85;15;150.17

85;20;303.83
85;25;112.78
85;30;266.24

85;35;74.23
85;40;233.31
85;45;59.75

85;50;198.19
85;55;351.85

85;60;178.77
85;65;319.68
85;70;136.45

85;75;285.86
85;80;105.64
85;85;253.27

85;90;73.33
85;95;236.53

85;100;78.34
85;105;188.92
85;110;341.15

85;115;165.87
85;120;303.76
85;125;127.18

85;130;265.83
85;135;84.93

85;140;230.63
85;145;69.08
85;150;210.60

85;155;348.28
85;160;172.60
85;165;310.21

85;170;137.20
85;175;278.79

85;180;96.31
90;0;236.46
90;5;54.13

90;10;223.43
90;15;372.64
90;20;170.88

90;25;316.73
90;30;148.04

90;35;288.05
90;40;109.28
90;45;252.93

90;50;72.03
90;55;218.42
90;60;65.58

90;65;185.49
90;70;1.03

90;75;151.54
90;80;306.09
90;85;132.40

90;90;273.71
90;95;91.38
90;100;251.42

90;105;66.27
90;110;204.91

90;115;356.79
90;120;181.24
90;125;323.79

90;130;138.16
90;135;291.00
90;140;96.59

90;145;251.42
90;150;67.23

90;155;224.94
90;160;72.72
90;165;186.94

90;170;341.01
90;175;151.81
90;180;305.96

95;0;113.81
95;5;261.50

95;10;71.21
95;15;232.07
95;20;64.14

95;25;202.64
95;30;356.17

95;35;166.90
95;40;320.29
95;45;123.14

95;50;284.55
95;55;88.01
95;60;248.61

95;65;64.14
95;70;213.41

95;75;365.78
95;80;176.85
95;85;331.06

95;90;141.73
95;95;297.11
95;100;102.83

95;105;261.23
95;110;68.26

95;115;224.67
95;120;73.33
95;125;184.47

95;130;337.10
95;135;147.63
95;140;300.95

95;145;109.49
95;150;263.70

95;155;70.11
95;160;227.82
95;165;66.95

95;170;192.77
95;175;331.68
95;180;155.93

100;0;298.14
100;5;112.09

100;10;272.82
100;15;75.60
100;20;235.37

100;25;62.01
100;30;199.63
100;35;336.07

100;40;161.69
100;45;301.63

100;50;124.30
100;55;263.42
100;60;81.36

100;65;233.38
100;70;60.44
100;75;208.20

100;80;349.72
100;85;173.76

100;90;311.72
100;95;137.95
100;100;278.04

100;105;94.26
100;110;240.31
100;115;64.14

100;120;215.61
100;125;353.98

100;130;176.71
100;135;312.40
100;140;136.51

100;145;275.77
100;150;94.26
100;155;238.45

100;160;63.39
100;165;204.15

100;170;356.86
100;175;180.56
100;180;318.85

105;0;142.21
105;5;290.18
105;10;101.39

105;15;260.82
105;20;66.89

105;25;210.60
105;30;69.77
105;35;170.81

105;40;328.18
105;45;150.78
105;50;291.69

105;55;112.16
105;60;256.43

105;65;74.77
105;70;221.37
105;75;66.27

105;80;187.69
105;85;-1.00
105;90;152.29

105;95;305.34
105;100;129.24

105;105;268.71
105;110;84.79
105;115;231.39

105;120;62.70
105;125;195.51
105;130;345.47

105;135;158.26
105;140;309.59

105;145;123.14
105;150;275.15
105;155;86.57

105;160;239.35
105;165;61.95

105;170;206.21
105;175;367.63
105;180;177.61

110;0;308.84
110;5;125.06
110;10;291.55

110;15;91.58
110;20;252.24

110;25;64.14
110;30;221.37
110;35;76.21

110;40;182.61
110;45;333.94
110;50;150.99

110;55;305.20
110;60;113.88

110;65;270.08
110;70;74.84
110;75;234.20

110;80;65.58
110;85;202.78
110;90;-1.00

110;95;166.90
110;100;320.36

110;105;130.20
110;110;282.29
110;115;85.82

110;120;243.60
110;125;58.31
110;130;207.79

110;135;-1.00
110;140;166.15

110;145;325.37
110;150;135.97
110;155;288.81

110;160;93.43
110;165;254.71
110;170;66.89

110;175;219.59
110;180;356.93

115;0;182.54
115;5;330.38
115;10;140.36

115;15;294.50
115;20;99.95
115;25;259.86

115;30;65.51
115;35;224.67

115;40;58.58
115;45;189.20
115;50;329.62

115;55;153.87
115;60;308.22
115;65;111.06

115;70;265.83
115;75;75.05
115;80;239.96

115;85;57.90
115;90;205.66

115;95;344.65
115;100;169.79
115;105;310.07

115;110;127.12
115;115;285.99
115;120;89.87

115;125;250.53
115;130;61.81

115;135;215.34
115;140;354.11
115;145;178.77

115;150;318.85
115;155;141.52
115;160;282.01

115;165;99.81
115;170;258.69

115;175;65.58
115;180;223.29
120;0;64.07

120;5;176.65
120;10;338.88
120;15;152.29

120;20;297.38
120;25;122.18

120;30;263.36
120;35;82.05
120;40;242.64

120;45;61.19
120;50;208.20
120;55;348.97

120;60;173.08
120;65;313.16

120;70;130.75
120;75;278.72
120;80;96.45

120;85;244.08
120;90;66.27
120;95;217.12

120;100;73.33
120;105;187.42

120;110;326.67
120;115;150.85
120;120;290.93

120;125;112.09
120;130;253.68
120;135;71.96

120;140;217.53
120;145;61.88

120;150;193.45
120;155;1.78
120;160;158.74

120;165;298.75
120;170;122.18
120;175;262.19

120;180;79.78
125;0;222.81

125;5;53.30
125;10;201.68
125;15;3.84

125;20;171.64
125;25;313.16
125;30;136.51

125;35;278.04
125;40;95.56

125;45;244.28
125;50;66.13
125;55;211.29

125;60;366.19
125;65;175.20
125;70;331.06

125;75;156.13
125;80;295.94

125;85;119.98
125;90;259.99
125;95;79.92

125;100;227.82
125;105;65.58
125;110;194.14

125;115;346.77
125;120;157.23

125;125;310.21
125;130;133.22
125;135;273.71

125;140;86.98
125;145;223.50
125;150;64.00

125;155;205.66
125;160;361.93

125;165;168.21
125;170;321.80
125;175;137.20

125;180;288.05
130;0;97.96
130;5;253.61

130;10;63.39
130;15;226.38

130;20;66.27
130;25;190.50
130;30;339.64

130;35;148.24
130;40;307.40
130;45;118.61

130;50;270.90
130;55;83.42

130;60;240.72
130;65;59.68
130;70;208.48

130;75;360.56
130;80;180.42
130;85;334.70

130;90;144.75
130;95;299.51

130;100;102.08
130;105;264.38
130;110;67.98

130;115;227.07
130;120;73.40

130;125;191.26
130;130;348.97
130;135;159.63

130;140;313.09
130;145;114.56
130;150;259.99

130;155;75.46
130;160;240.72

130;165;64.28
130;170;203.47
130;175;355.42

130;180;169.79
135;0;324.55
135;5;120.26

135;10;282.29
135;15;87.26

135;20;254.30
135;25;61.95
135;30;221.30

135;35;376.34
135;40;187.55
135;45;341.08

135;50;151.81
135;55;308.77

135;60;118.13
135;65;273.03
135;70;81.50

135;75;244.28
135;80;68.26
135;85;205.59

135;90;360.08
135;95;171.09

135;100;326.06
135;105;135.97
135;110;290.93

135;115;96.38
135;120;257.59
135;125;66.89

135;130;223.16
135;135;360.90

135;140;187.42
135;145;341.08
135;150;150.85

135;155;304.93
135;160;103.52
135;165;269.12

135;170;74.09
135;175;235.37

135;180;66.20
140;0;199.63
140;5;348.69

140;10;162.24
140;15;317.89
140;20;128.14

140;25;284.55
140;30;88.70

140;35;250.80
140;40;62.29
140;45;217.74

140;50;70.04
140;55;186.32
140;60;328.25

140;65;145.43
140;70;298.41

140;75;112.37
140;80;273.78
140;85;79.30

140;90;240.79
140;95;60.71
140;100;207.79

140;105;348.28
140;110;172.67

140;115;310.76
140;120;136.72
140;125;291.28

140;130;91.31
140;135;257.32
140;140;67.23

140;145;223.57
140;150;359.81

140;155;187.35
140;160;327.50
140;165;151.47

140;170;289.84
140;175;114.36
140;180;275.22

145;0;77.72
145;5;234.68

145;10;70.11
145;15;203.26
145;20;345.33

145;25;168.07
145;30;309.59
145;35;133.56

145;40;274.19
145;45;92.06

145;50;254.09
145;55;65.51
145;60;222.47

145;65;70.04
145;70;183.16
145;75;331.06

145;80;156.55
145;85;296.63

145;90;120.74
145;95;261.98
145;100;79.78

145;105;240.72
145;110;60.44
145;115;206.07

145;120;346.84
145;125;170.95

145;130;311.03
145;135;134.94
145;140;275.91

145;145;93.43
145;150;240.44

145;155;64.76
145;160;218.49
145;165;355.55

145;170;183.09
145;175;323.24
145;180;147.90

150;0;283.73
150;5;104.89

150;10;263.42
150;15;70.59
150;20;218.15

150;25;61.19
150;30;198.19
150;35;336.76

150;40;162.99
150;45;301.70

150;50;128.63
150;55;270.22
150;60;88.43
150;65;238.59
150;70;63.46

150;75;204.50
150;80;358.37
150;85;184.19

150;90;49.05
150;95;149.48

150;100;290.86
150;105;112.09
150;110;252.24

150;115;-1.00
150;120;-1.00
150;125;-1.00

150;130;177.40
150;135;341.15

150;140;160.46
150;145;302.46
150;150;129.31

150;155;268.77
150;160;87.74
150;165;234.20

150;170;62.63
150;175;199.83

150;180;354.04
155;0;162.24
155;5;327.50

155;10;139.26
155;15;295.19
155;20;102.76

155;25;241.33
155;30;69.15

155;35;217.12
155;40;61.19
155;45;179.73

155;50;336.89
0;139.26
155;15;295.19
155;20;102.76
155;25;241.33
155;30;69.15
155;35;217.12
155;40;61.19
155;45;179.73
155;50;336.89
0;139.26
155;15;295.19
155;20;102.76
155;25;241.33
155;30;69.15
155;35;217.12
155;40;61.19
155;45;179.73
155;50;336.89
155;55;149.34
155;60;302.32

155;65;117.03
155;70;270.83

155;75;87.74
155;80;238.45
155;85;63.39

155;90;203.47
155;95;72.65

155;100;173.35
155;105;324.62
155;110;137.89

155;115;294.50
155;120;112.30
155;125;257.25

155;130;72.65
155;135;226.38

155;140;59.75
155;145;187.69
155;150;346.84

155;155;164.64
155;160;321.80
155;165;124.99

155;170;277.28
155;175;85.89

155;180;249.98
160;0;62.63
160;5;208.48

160;10;365.50
160;15;164.71
160;20;314.60

160;25;138.16
160;30;297.38

160;35;90.55
160;40;257.87
160;45;68.39

160;50;227.07
160;55;53.99
160;60;199.08

160;65;344.03
160;70;166.77

160;75;321.73
160;80;130.96
160;85;287.98

160;90;94.26
160;95;254.30
160;100;64.35

160;105;222.81
160;110;64.00

160;115;188.44
160;120;342.45
160;125;153.32

160;130;306.71
160;135;118.13
160;140;273.03

160;145;79.03
160;150;240.03

160;155;59.27
160;160;206.28
160;165;361.93

160;170;172.60
160;175;323.24
160;180;133.77

165;0;291.69
165;5;87.33

165;10;250.73
165;15;59.82
165;20;221.30

165;25;67.02
165;30;182.00
165;35;339.64

165;40;141.73
165;45;310.21

165;50;114.49
165;55;279.48
165;60;81.50

165;65;235.64
165;70;57.69
165;75;208.48

165;80;365.78
165;85;174.72

165;90;331.75
165;95;141.73
165;100;296.63

165;105;105.64
165;110;264.32
165;115;71.21

165;120;230.50
165;125;69.08

165;130;197.36
165;135;2.40
165;140;157.99

165;145;315.70
165;150;127.12

165;155;282.77
165;160;86.30
165;165;249.02

165;170;66.13
165;175;218.83
165;180;355.97
170;0;188.44
170;5;332.23

170;10;143.65
170;15;298.55

170;20;107.84
170;25;264.80
170;30;70.80

170;35;231.39
170;40;56.11
170;45;197.77

170;50;53.30
170;55;166.84

170;60;323.52
170;65;125.95
170;70;282.36

170;75;97.27
170;80;258.76

170;85;65.79
170;90;226.38
170;95;60.44

170;100;194.89
170;105;3.09
170;110;163.27

170;115;317.14
170;120;128.14

170;125;283.04
170;130;88.01
170;135;250.05

170;140;65.72
170;145;217.05
170;150;358.64

170;155;184.05
170;160;323.93

170;165;148.86
170;170;304.86
170;175;100.16

170;180;270.08
175;0;74.36
175;5;231.39

175;10;53.58
175;15;197.77

175;20;80.74
175;25;168.34
175;30;308.49

175;35;134.66
175;40;288.87
175;45;94.87

175;50;256.98
175;55;64.76

175;60;225.42
175;65;60.09
175;70;183.78

175;75;3.09
175;80;163.82
175;85;305.61

175;90;129.31
175;95;275.91

175;100;90.55
175;105;252.04
175;110;63.25

175;115;219.04
175;120;66.47
175;125;185.97

175;130;326.74
175;135;151.47

175;140;292.78
175;145;116.41
175;150;272.34

175;155;77.04
175;160;239.76
175;165;61.26

175;170;208.20
175;175;346.91

175;180;173.70
180;0;312.40
180;5;130.82

180;10;288.39
180;15;94.12
180;20;260.82

180;25;69.77
180;30;229.74

180;35;61.88
180;40;197.43
180;45;188.03

180;50;163.75
180;55;305.96
180;60;131.51

180;65;274.81
180;70;90.55

180;75;251.49
180;80;64.83
180;85;222.54

180;90;62.56
180;95;183.09
180;100;-1.00

180;105;162.31
180;110;303.07

180;115;127.18
180;120;269.05
180;125;84.86

180;130;234.96
180;135;64.83
180;140;217.53

180;145;357.54
180;150;183.92

180;155;323.86
180;160;149.48
180;165;290.80
180;170;112.16
180;175;256.84

180;180;76.21
0;0;238.59
0;5;62.56

0;10;202.51
0;15;151.61
0;20;170.81

0;25;314.53
0;30;141.45
0;35;285.92

0;40;111.34
0;45;256.50

0;50;78.48
0;55;241.40
0;60;61.19

0;65;206.83
0;70;356.17
0;75;186.66

0;80;327.50
0;85;154.49

0;90;297.38
0;95;115.04
0;100;268.09

0;105;86.98
0;110;238.25
0;115;64.14

0;120;223.43
0;125;364.06

0;130;194.55
0;135;336.00
0;140;162.99

0;145;302.32
0;150;127.87
0;155;271.52

0;160;94.26
0;165;244.28

0;170;69.83
0;175;229.95
0;180;79.78

5;0;199.56
5;5;1.72
5;10;163.82

5;15;316.73
5;20;132.95

5;25;278.04
5;30;97.76
5;35;246.41

5;40;69.08
5;45;218.97
5;50;54.74

5;55;203.40
5;60;350.41

5;65;171.71
5;70;322.42
5;75;150.17
5;80;293.75

5;85;119.98
5;90;265.14
5;95;82.73

5;100;236.33
5;105;64.83
5;110;206.07

5;115;360.42
5;120;191.26
5;125;332.50
5;130;160.11
5;135;302.39
5;140;125.74

5;145;268.64
5;150;88.49

5;155;237.15
5;160;65.44
5;165;209.92

5;170;366.87
5;175;195.51

5;180;334.63
10;0;163.82
10;5;314.53

10;10;126.43
10;15;279.48
10;20;87.05

10;25;235.64
10;30;64.07

10;35;202.64
10;40;59.00
10;45;174.79

10;50;331.00
10;55;151.61
10;60;301.63

10;65;119.23
10;70;271.45

10;75;90.62
10;80;239.96
10;85;66.20

10;90;210.60
10;95;63.32
10;100;181.93

10;105;2.40
10;110;163.95

10;115;-1.00
10;120;-1.00
10;125;-1.00

10;130;-1.00
10;135;250.73
10;140;68.33

10;145;218.42
10;150;74.91

10;155;186.87
10;160;164.78
10;165;167.66

10;170;308.08
10;175;132.54
10;180;274.33

15;0;92.75
15;5;251.49

15;10;65.44
15;15;217.74
15;20;62.01

15;25;174.04
15;30;328.11
15;35;140.77

15;40;298.00
15;45;124.99

15;50;269.46
15;55;86.92
15;60;240.03

15;65;64.07
15;70;210.60
15;75;61.12

15;80;182.61
15;85;337.58

15;90;151.74
15;95;307.47
15;100;132.47

15;105;276.60
15;110;95.70
15;115;245.73

15;120;68.39
15;125;215.68

15;130;66.20
15;135;182.61
15;140;1.65

15;145;152.43
15;150;313.16
15;155;133.98

15;160;280.16
15;165;95.29

15;170;253.55
15;175;69.83
15;180;222.81

20;0;366.26
20;5;190.57
20;10;47.61

20;15;156.82
20;20;295.19

20;25;109.28
20;30;266.51
20;35;89.87

20;40;232.90
20;45;62.63
20;50;201.96

20;55;59.13
20;60;173.90

20;65;338.20
20;70;154.01
20;75;308.77

20;80;128.14
20;85;285.92
20;90;95.15

20;95;248.61
20;100;68.39

20;105;221.99
20;110;65.51
20;115;191.94

20;120;356.10
20;125;148.24

20;130;312.34
20;135;130.96
20;140;284.48

20;145;88.70
20;150;252.86
20;155;63.66

20;160;-1.00
20;165;-1.00

20;170;-1.00
20;175;350.48
20;180;161.83

25;0;303.07
25;5;122.38
25;10;280.16

25;15;84.17
25;20;233.51

25;25;61.95
25;30;204.22
25;35;60.51

25;40;188.38
25;45;345.47
25;50;144.61

25;55;315.97
25;60;110.24

25;65;285.86
25;70;92.27
25;75;255.81

25;80;64.96
25;85;224.25
25;90;63.39

25;95;196.95
25;100;2.40

25;105;167.59
25;110;324.55
25;115;135.35

25;120;293.13
25;125;87.26
25;130;258.69

25;135;69.01
25;140;227.07

25;145;65.79
25;150;194.14
25;155;173.90

25;160;160.52
25;165;311.72
25;170;123.82

25;175;280.16
25;180;85.82

30;0;252.24
30;5;59.75
30;10;215.54

30;15;59.82
30;20;168.28
30;25;325.99

30;30;152.57
30;35;306.64

30;40;107.29
30;45;263.70
30;50;80.74

30;55;248.61
30;60;62.22
30;65;204.09

30;70;67.98
30;75;175.48

30;80;342.45
30;85;157.51
30;90;312.47

30;95;123.82
30;100;279.48
30;105;85.54

30;110;247.85
30;115;62.22

30;120;216.84
30;125;47.61
30;130;184.53

30;135;338.88
30;140;139.40
30;145;305.00

30;150;114.91
30;155;271.38

30;160;76.90
30;165;237.56
30;170;61.19

30;175;206.01
30;180;346.84
35;0;170.47

35;5;324.27
35;10;137.95

35;15;290.73
35;20;100.84
35;25;261.23

35;30;68.67
35;35;229.95
35;40;56.87

35;45;198.53
35;50;1.99

35;55;168.41
35;60;324.27
35;65;127.18

35;70;282.77
35;75;97.07
35;80;262.26

35;85;69.08
35;90;231.39

35;95;61.12
35;100;201.00
35;105;340.39

35;110;167.25
35;115;307.19
35;120;133.70

35;125;289.15
35;130;92.82

35;135;254.03
35;140;64.83
35;145;220.48

35;150;75.53
35;155;186.04

35;160;324.62
35;165;152.29
35;170;291.41

35;175;117.10
35;180;273.10
40;0;77.04

40;5;236.88
40;10;57.56

40;15;201.82
40;20;346.02
40;25;172.39

40;30;313.85
40;35;139.33
40;40;280.57

40;45;101.39
40;50;261.50

40;55;67.64
40;60;230.50
40;65;56.18

40;70;190.30
40;75;341.83
40;80;167.25

40;85;309.59
40;90;134.39

40;95;277.35
40;100;96.38
40;105;242.91

40;110;66.27
40;115;224.67
40;120;69.83

40;125;192.42
40;130;331.82

40;135;155.93
40;140;295.94
40;145;120.05

40;150;260.06
40;155;79.16
40;160;226.86

40;165;59.75
40;170;207.10

40;175;345.33
40;180;172.39
45;0;311.65

45;5;134.39
45;10;291.69
45;15;94.12

45;20;245.73
45;25;66.95

45;30;214.72
45;35;61.88
45;40;197.43

45;45;339.02
45;50;165.12
45;55;306.71

45;60;130.82
45;65;275.02

45;70;93.43
45;75;241.40
45;80;66.95

45;85;209.92
45;90;71.96
45;95;183.30
45;100;334.63
45;105;158.81
45;110;299.51
45;115;124.30
45;120;265.07
45;125;84.17

45;130;231.46
45;135;64.76
45;140;195.51

45;145;348.28
45;150;161.48
45;155;315.29

45;160;138.16
45;165;282.29

45;170;99.20
45;175;244.28
45;180;68.39

50;0;209.92
50;5;65.51

50;10;191.94
50;15;340.46
50;20;140.08

50;25;293.81
50;30;122.86
50;35;257.18

50;40;83.49
50;45;232.07

50;50;60.51
50;55;200.59
50;60;356.93

50;65;168.21
50;70;323.93
50;75;135.97

50;80;297.38
50;85;113.88

50;90;259.99
50;95;77.66
50;100;232.07

50;105;60.44
50;110;196.20
50;115;360.49

50;120;163.95
50;125;327.50

50;130;136.03
50;135;288.74
50;140;91.58

50;145;254.99
50;150;62.22
50;155;219.93

50;160;372.57
50;165;184.81

50;170;338.95
50;175;148.18
50;180;304.58

55;0;111.61
55;5;263.63
55;10;70.52

55;15;227.82
55;20;54.74

55;25;183.44
55;30;338.20
55;35;166.08

55;40;304.58
55;45;118.68
55;50;273.03

55;55;84.38
55;60;241.33

55;65;64.76
55;70;218.56
55;75;63.59

55;80;190.50
55;85;348.97
55;90;162.51

55;95;318.17
55;100;126.70

55;105;281.60
55;110;86.30
55;115;247.92

55;120;60.71
55;125;211.77
55;130;364.68

55;135;175.20
55;140;330.79

55;145;135.69
55;150;294.23
55;155;98.37

55;160;259.79
55;165;66.89
55;170;223.91

55;175;71.21
55;180;188.86

60;0;325.23
60;5;150.51
60;10;308.91

60;15;115.25
60;20;273.10
60;25;79.23

60;30;240.65
60;35;60.03

60;40;207.52
60;45;348.28
60;50;175.27

60;55;316.38
60;60;141.45

60;65;296.63
60;70;105.71
60;75;264.86

60;80;68.39
60;85;229.67
60;90;62.56

60;95;188.86
60;100;3.22

60;105;167.32
60;110;307.47
60;115;130.82

60;120;287.37
60;125;92.68
60;130;251.21

60;135;62.70
60;140;216.16

60;145;356.17
60;150;178.77
60;155;320.43

60;160;145.78
60;165;286.68
60;170;107.08

60;175;248.68
60;180;71.34

65;0;230.70
65;5;62.63
65;10;196.81

65;15;345.33
65;20;160.87
65;25;300.33

65;30;127.18
65;35;266.51

65;40;87.74
65;45;236.12
65;50;62.70

65;55;217.12
65;60;358.98
65;65;183.16

65;70;323.93
65;75;151.47

65;80;290.93
65;85;114.22
65;90;257.25

65;95;75.60
65;100;223.43
65;105;61.12

65;110;205.66
65;115;149.62

65;120;170.95
65;125;311.03
65;130;135.00

65;135;275.91
65;140;92.68
65;145;240.03

65;150;64.07
65;155;203.33

65;160;75.53
65;165;184.88
65;170;325.23

65;175;149.69
65;180;290.11
70;0;111.41

70;5;265.76
70;10;75.53

70;15;232.83
70;20;53.99
70;25;187.55

70;30;342.52
70;35;153.73
70;40;309.45

70;45;133.70
70;50;277.35

70;55;91.31
70;60;245.04
70;65;65.58

70;70;212.73
70;75;61.88
70;80;181.24

70;85;2.40
70;90;150.30

70;95;305.27
70;100;129.65
70;105;271.45

70;110;88.49
70;115;238.52
70;120;62.70

70;125;210.53
70;130;362.55

70;135;169.72
70;140;331.06
70;145;135.35

70;150;300.95
70;155;103.11
70;160;263.70

70;165;67.23
70;170;231.39

70;175;65.51
70;180;196.26
75;0;171.77

75;5;155.38
75;10;312.34
75;15;120.26

75;20;260.82
75;25;69.83

75;30;229.95
75;35;58.45
75;40;212.04

75;45;366.19
75;50;162.65

75;55;333.26
75;60;145.29
75;65;299.51

75;70;109.49
75;75;267.20
75;80;71.21

75;85;235.71
75;90;62.29

75;95;201.34
75;100;4.53
75;105;167.52

75;110;321.80
75;115;134.52
75;120;285.86

75;125;91.65
75;130;252.17
75;135;63.66
75;140;215.34
75;145;367.63
75;150;178.15
75;155;331.75
75;160;141.52

75;165;294.91
75;170;100.64

75;175;259.79
75;180;68.39
80;0;224.67

80;5;61.53
80;10;189.47
80;15;341.01

80;20;152.64
80;25;308.08

80;30;118.82
80;35;273.78
80;40;79.37

80;45;240.10
80;50;58.72
80;55;206.97

80;60;346.84
80;65;173.83

80;70;315.01
80;75;139.40
80;80;295.25

80;85;100.57
80;90;259.86
80;95;67.71

80;100;226.86
80;105;67.91

80;110;192.42
80;115;331.06
80;120;155.93

80;125;294.84
80;130;118.61
80;135;273.03

80;140;76.21
80;145;236.19

80;150;59.82
80;155;200.24
80;160;339.78

80;165;163.75
80;170;303.07
80;175;127.94

80;180;269.32
85;0;87.05

85;5;245.04
85;10;61.88
85;15;208.96

85;20;351.16
85;25;176.65
85;30;316.73

85;35;142.28
85;40;282.29

85;45;101.39
85;50;246.41
85;55;66.27

85;60;213.21
85;65;65.51
85;70;184.74

85;75;136.58
85;80;161.00

85;85;300.95
85;90;125.74
85;95;265.07

85;100;82.80
85;105;229.19
85;110;61.12

85;115;195.99
85;120;1.65

85;125;176.92
85;130;315.97
85;135;140.84

85;140;280.16
85;145;97.07
85;150;242.78

85;155;64.83
85;160;206.35

85;165;358.30
85;170;170.47
85;175;328.18

85;180;146.05
90;0;284.48
90;5;103.45

90;10;264.38
90;15;67.71

90;20;207.65
90;25;56.18
90;30;173.35

90;35;326.67
90;40;145.29
90;45;298.07

90;50;111.34
90;55;265.07

90;60;81.36
90;65;232.76
90;70;59.75

90;75;207.03
90;80;366.12
90;85;178.98

90;90;326.81
90;95;139.60

90;100;299.51
90;105;104.20
90;110;262.26

90;115;67.98
90;120;228.51
90;125;75.46

90;130;194.82
90;135;348.90

90;140;156.82
90;145;308.91
90;150;119.50

90;155;270.08
90;160;77.72

90;165;234.20
90;170;60.09
90;175;199.15

90;180;352.88
95;0;162.65
95;5;315.29

95;10;126.70
95;15;279.48

95;20;84.31
95;25;242.16
95;30;60.03

95;35;212.73
95;40;44.73
95;45;178.02

95;50;333.67
95;55;135.76

95;60;299.92
95;65;101.67
95;70;255.88

95;75;71.55
95;80;233.24
95;85;65.51

95;90;199.21
95;95;3.09

95;100;167.66
95;105;322.83
95;110;132.40

95;115;286.61
95;120;91.65
95;125;252.86

95;130;65.17
95;135;218.42

95;140;356.86
95;145;180.28
95;150;319.95

95;155;143.65
95;160;296.63
95;165;102.08

95;170;260.54
95;175;67.64

95;180;226.86
100;0;68.67
100;5;188.03

100;10;-1.00
100;15;155.10
100;20;295.25

100;25;119.30
100;30;259.31

100;35;78.34
100;40;239.07
100;45;56.87

100;50;204.63
100;55;2.47
100;60;171.50

100;65;312.47
100;70;129.38

100;75;275.91
100;80;94.94
100;85;241.82

100;90;66.27
100;95;221.37
100;100;361.80

100;105;186.73
100;110;325.99

100;115;148.59
100;120;288.12
100;125;107.77

100;130;251.56
100;135;71.21
100;140;214.58

100;145;71.96
100;150;190.57

100;155;328.18
100;160;151.61
100;165;290.25

100;170;99.81
100;175;254.37
100;180;72.65

105;0;214.17
105;5;60.51

105;10;191.26
105;15;345.40
105;20;157.23

105;25;297.31
105;30;122.18
105;35;261.50

105;40;80.61
105;45;227.82

105;50;58.31
105;55;193.38
105;60;346.70

105;65;158.67
105;70;312.40
105;75;137.20

105;80;277.28
105;85;94.87

105;90;243.53
105;95;66.27
105;100;209.02

105;105;362.62
105;110;172.60
105;115;323.86

105;120;134.32
105;125;293.81

105;130;105.23
105;135;252.17
105;140;69.77

105;145;216.98
105;150;76.97

105;155;189.13
105;160;344.65
105;165;152.98

105;170;305.89
105;175;108.05
105;180;267.20

110;0;69.35
110;5;225.69

110;10;64.00
110;15;191.19
110;20;324.68

110;25;141.73
110;30;293.81
110;35;105.23
110;40;274.47
110;45;64.42
110;50;223.43
110;55;57.62

110;60;203.47
110;65;358.98

110;70;153.25
110;75;324.55
110;80;134.66

110;85;289.56
110;90;93.71
110;95;255.12

110;100;66.95
110;105;216.98
110;110;372.98

110;115;182.54
110;120;331.06

110;125;132.40
110;130;293.81
110;135;94.26

110;140;257.87
110;145;65.51
110;150;218.90

110;155;356.10
110;160;179.46

110;165;331.82
110;170;140.77
110;175;294.23

110;180;97.76
115;0;255.67
115;5;61.95

115;10;221.10
115;15;64.96

115;20;182.75
115;25;321.80
115;30;146.74

115;35;300.26
115;40;110.24
115;45;264.38

115;50;70.80
115;55;229.26

115;60;60.78
115;65;195.58
115;70;335.32

115;75;159.43
115;80;299.92
115;85;123.62

115;90;277.83
115;95;81.29

115;100;242.64
115;105;61.12
115;110;206.07

115;115;153.73
115;120;167.25

115;125;303.90
115;130;129.31
115;135;268.43

115;140;85.61
115;145;244.35
115;150;60.51

115;155;206.14
115;160;344.72

115;165;167.32
115;170;306.71
115;175;129.31

115;180;268.36
120;0;84.04
120;5;242.16

120;10;60.51
120;15;205.25

120;20;345.40
120;25;169.51
120;30;309.45

120;35;133.70
120;40;272.96
120;45;89.87

120;50;237.84
120;55;61.88

120;60;203.88
120;65;71.96
120;70;173.08

120;75;322.42
120;80;146.60
120;85;286.54

120;90;107.08
120;95;250.05

120;100;69.08
120;105;214.99
120;110;69.15

120;115;176.58
120;120;328.80
120;125;151.88

120;130;290.80
120;135;111.34

120;140;253.68
120;145;70.52
120;150;214.86

120;155;64.00
120;160;177.61
120;165;328.80

120;170;149.75
120;175;292.37

120;180;108.80
125;0;249.43
125;5;67.02

125;10;226.38
125;15;59.13
125;20;171.91
125;25;323.24
125;30;136.03
125;35;291.55

125;40;97.07
125;45;259.99
125;50;76.97

125;55;229.95
125;60;57.62

125;65;191.26
125;70;1.10
125;75;159.70

125;80;323.24
125;85;133.08
125;90;284.48
125;95;92.06
125;100;251.42

125;105;62.29
125;110;216.30

125;115;369.07
125;120;176.92
125;125;320.29

125;130;140.36
125;135;292.24
125;140;97.34

125;145;257.87
125;150;64.83

125;155;214.31
125;160;366.46
125;165;174.72

125;170;327.36
125;175;136.03
125;180;289.42

130;0;95.90
130;5;250.12

130;10;62.56
130;15;214.17
130;20;39.72

130;25;179.05
130;30;333.19
130;35;143.17

130;40;297.11
130;45;88.01

130;50;261.98
130;55;66.95
130;60;228.99

130;65;60.64
130;70;194.55
130;75;334.01

130;80;159.01
130;85;313.91

130;90;123.14
130;95;278.10
130;100;80.88

130;105;237.84
130;110;62.22

130;115;206.28
130;120;343.27
130;125;168.28

130;130;307.05
130;135;130.41
130;140;283.32

130;145;84.17
130;150;244.83

130;155;60.51
130;160;207.38
130;165;346.91

130;170;169.51
130;175;309.18
130;180;131.51

135;0;284.42
135;5;84.17

135;10;251.90
135;15;59.75
135;20;210.40

135;25;351.16
135;30;175.27
135;35;314.53

135;40;137.95
135;45;280.16

135;50;99.88
135;55;245.45
135;60;66.95

135;65;214.65
135;70;62.63
135;75;191.05

135;80;175.20
135;85;155.86

135;90;295.87
135;95;119.30
135;100;261.50

135;105;77.66
135;110;223.98
135;115;62.56

135;120;201.27
135;125;341.15

135;130;165.12
135;135;302.46
135;140;127.87

135;145;267.95
135;150;84.04
135;155;230.36

135;160;59.82
135;165;193.80

135;170;346.91
135;175;169.65
135;180;309.52

140;0;132.19
140;5;285.17
140;10;92.13

140;15;248.61
140;20;60.44

140;25;201.07
140;30;64.69
140;35;165.94

140;40;318.85
140;45;143.65
140;50;285.24

140;55;106.40
140;60;250.73

140;65;66.27
140;70;216.30
140;75;62.01

140;80;183.30
140;85;3.09
140;90;150.17

140;95;302.39
140;100;126.70

140;105;268.09
140;110;85.54
140;115;232.07

140;120;60.44
140;125;196.95
140;130;2.47

140;135;164.64
140;140;316.73

140;145;129.93
140;150;280.85
140;155;92.27

140;160;255.81
140;165;62.70
140;170;216.98

140;175;371.88
140;180;174.72

145;0;320.98
145;5;141.80
145;10;302.39

145;15;101.32
145;20;241.33
145;25;66.95

145;30;212.87
145;35;57.56

145;40;177.61
145;45;331.00
145;50;158.95

145;55;311.72
145;60;124.58
145;65;279.48

145;70;84.04
145;75;246.48

145;80;59.82
145;85;213.48
145;90;368.38

145;95;169.72
145;100;331.82
145;105;143.92

145;110;298.82
145;115;102.35

145;120;258.55
145;125;62.56
145;130;214.24

145;135;72.92
145;140;175.48
145;145;344.65

145;150;154.69
145;155;303.07

145;160;110.93
145;165;266.65
145;170;71.69

145;175;230.63
145;180;61.81

150;0;194.76
150;5;3.91
150;10;159.70

150;15;311.03
150;20;123.82
150;25;278.72

150;30;84.45
150;35;245.04

150;40;59.27
150;45;210.33
150;50;43.22

150;55;177.33
150;60;331.48
150;65;133.84

150;70;289.56
150;75;100.09

150;80;264.11
150;85;70.11
150;90;230.36

150;95;63.39
150;100;195.65
150;105;1.03

150;110;161.83
150;115;314.87

150;120;124.58
150;125;277.97
150;130;83.01

150;135;242.91
150;140;62.84
150;145;206.35

150;150;341.77
150;155;168.41

150;160;304.17
150;165;129.59
150;170;283.39

150;175;86.30
150;180;246.89
155;0;61.47

155;5;210.33
155;10;364.13

155;15;173.83
155;20;315.29
155;25;139.26

155;30;281.26
155;35;100.64
155;40;259.03

155;45;64.83
155;50;225.42

155;55;56.87
155;60;193.18
155;65;333.94

155;70;149.34
155;75;300.19
155;80;123.55

155;85;265.55
155;90;83.35

155;95;244.35
155;100;59.82
155;105;211.84
155;110;349.72
155;115;174.45

155;120;311.72
155;125;137.20
155;130;276.60

155;135;94.94
155;140;242.50
155;145;64.83

155;150;218.49
155;155;356.86

155;160;180.28
155;165;318.10
155;170;142.96
155;175;283.04
155;180;102.83

160;0;244.70
160;5;64.07

160;10;223.98
160;15;54.74
160;20;188.17

160;25;329.62
160;30;154.42
160;35;295.25

160;40;119.36
160;45;258.69

160;50;79.16
160;55;226.45
160;60;58.31

160;65;193.11
160;70;346.84
160;75;171.23

160;80;311.65
160;85;135.83

160;90;275.91
160;95;95.56
160;100;243.60

160;105;66.20
160;110;209.16
160;115;361.25

160;120;170.95
160;125;323.24

160;130;147.49
160;135;288.05
160;140;107.84

160;145;248.61
160;150;69.77
160;155;214.86

160;160;64.83
160;165;178.02

160;170;331.82
160;175;142.89
160;180;298.75

165;0;113.19
165;5;267.27
165;10;74.09

165;15;231.46
165;20;54.74

165;25;178.98
165;30;333.19
165;35;142.89

165;40;298.07
165;45;114.91
165;50;271.59

165;55;86.92
165;60;230.70

165;65;62.01
165;70;209.85
165;75;364.06

165;80;180.56
165;85;335.39

165;90;139.60
165;95;293.75
165;100;109.90

165;105;268.77
165;110;71.48
165;115;232.83

165;120;64.00
165;125;178.29

165;130;350.41
165;135;160.39
165;140;312.47

165;145;122.79
165;150;273.71
165;155;76.15

165;160;235.64
165;165;59.34

165;170;197.64
165;175;350.41
165;180;164.64

170;0;318.17
170;5;120.12
170;10;275.91

170;15;78.41
170;20;225.69

170;25;56.18
170;30;191.94
170;35;359.74

170;40;161.07
170;45;325.92
170;50;133.91

170;55;291.69
170;60;95.83

170;65;257.25
170;70;64.69
170;75;222.81

170;80;71.96
170;85;188.72
170;90;343.27

170;95;152.98
170;100;307.81

170;105;115.73
170;110;270.49
170;115;74.77

170;120;233.31
170;125;63.80
170;130;197.50

170;135;-1.00
170;140;162.99

170;145;314.05
170;150;121.70
170;155;274.54

170;160;77.93
170;165;236.53
170;170;60.03

170;175;199.97
170;180;339.64

175;0;162.58
175;5;314.53
175;10;123.21

175;15;273.44
175;20;80.54
175;25;241.95

175;30;57.01
175;35;206.69

175;40;103.04
175;45;170.20
175;50;310.62

175;55;134.39
175;60;274.81
175;65;93.43

175;70;251.28
175;75;64.76

175;80;220.48
175;85;71.62
175;90;185.91

175;95;325.37
175;100;150.10
175;105;290.25

175;110;110.79
175;115;252.59

175;120;70.52
175;125;229.26
175;130;65.51

175;135;193.18
175;140;331.75
175;145;155.86

175;150;293.81
175;155;115.04

175;160;255.40
175;165;72.65
175;170;218.15

175;175;61.26
175;180;195.65
180;0;174.52

180;5;155.17
180;10;308.77

180;15;115.04
180;20;258.69
180;25;76.28

180;30;222.54
180;35;55.50

180;40;187.35
180;45;340.46
180;50;164.43

180;55;305.20
180;60;129.38
180;65;271.52

180;70;88.43
180;75;237.08

180;80;61.88
180;85;200.31
180;90;354.66

180;95;165.94
180;100;318.17
180;105;141.04

180;110;281.60
180;115;98.44

180;120;244.28
180;125;66.13
180;130;207.03

180;135;359.81
180;140;168.76
180;145;321.12

180;150;133.50
180;155;293.13

180;160;98.72
180;165;246.48
180;170;65.38

180;175;223.50
180;180;73.54
0;0;168.89

0;5;334.70
0;10;148.04
0;15;299.58
0;20;113.53

0;25;249.29
0;30;75.60
0;35;217.05

0;40;56.18
0;45;191.26

0;50;346.77
0;55;159.70
0;60;307.40

0;65;130.34
0;70;285.86
0;75;101.67

0;80;264.38
0;85;69.08

0;90;228.51
0;95;61.95
0;100;199.90
0;105;3.09

0;110;166.08
0;115;323.24

0;120;130.27
0;125;273.03
0;130;93.09
0;135;254.99
0;140;63.66
0;145;222.06

0;150;374.76
0;155;181.17
0;160;335.39

0;165;145.29
0;170;298.82

0;175;107.36
0;180;264.38
5;0;71.48

5;5;227.13
5;10;57.69
5;15;191.26

5;20;348.97
5;25;161.21

5;30;315.97
5;35;127.39
5;40;283.04

5;45;74.36
5;50;249.77
5;55;61.26

5;60;218.97
5;65;70.11

5;70;185.49
5;75;2.13
5;80;156.13

5;85;310.96
5;90;121.70
5;95;277.01

5;100;81.91
5;105;244.76

5;110;61.26
5;115;211.15
5;120;102.28

5;125;175.96
5;130;315.97
5;135;142.21

5;140;298.82
5;145;103.45

5;150;262.05
5;155;67.71
5;160;229.06

5;165;69.15
5;170;191.74
5;175;182.41

5;180;157.30
10;0;296.63

10;5;120.05
10;10;266.92
10;15;74.16

10;20;238.39
10;25;56.11
10;30;203.95

10;35;346.16
10;40;169.44

10;45;310.28
10;50;135.07
10;55;276.46

10;60;95.70
10;65;244.97

10;70;64.69
10;75;224.32
10;80;64.83

10;85;191.05
10;90;175.89
10;95;156.61

10;100;296.70
10;105;120.05
10;110;260.13

10;115;79.78
10;120;225.63

10;125;63.25
10;130;189.13
10;135;341.83

10;140;167.52
10;145;306.71
10;150;128.63

10;155;268.64
10;160;87.05

10;165;234.20
10;170;61.26
10;175;197.02

10;180;351.16
15;0;158.67
15;5;323.17

15;10;134.39
15;15;285.92

15;20;92.75
15;25;237.08
15;30;63.46

15;35;200.52
15;40;62.56
15;45;174.04

15;50;321.73
15;55;140.36

15;60;294.57
15;65;109.49
15;70;260.06

15;75;79.16
15;80;232.83
15;85;59.68

15;90;196.26
15;95;350.34

15;100;165.39
15;105;324.68
15;110;130.96
15;115;282.29
15;120;93.78
15;125;239.96
15;130;65.51
15;135;219.18
15;140;378.47

15;145;187.69
15;150;341.77
15;155;148.24

15;160;304.45
15;165;110.93
15;170;268.02

15;175;68.67
15;180;233.51

20;0;62.97
20;5;193.45
20;10;345.40

20;15;156.82
20;20;298.75
20;25;106.60

20;30;265.07
20;35;77.86

20;40;247.17
20;45;61.95
20;50;199.83

20;55;368.31
20;60;178.43
20;65;333.19

20;70;143.85
20;75;298.07

20;80;106.60
20;85;264.38
20;90;71.28

20;95;232.83
20;100;62.97
20;105;198.94

20;110;3.16
20;115;164.50

20;120;317.14
20;125;127.80
20;130;282.77

20;135;86.30
20;140;248.33
20;145;62.70

20;150;212.04
20;155;348.97

20;160;174.79
20;165;328.53
20;170;137.54
20;175;292.24
20;180;96.38

25;0;256.91
25;5;64.14

25;10;223.98
25;15;57.97
25;20;187.35

25;25;327.50
25;30;152.91
25;35;292.78

25;40;118.61
25;45;272.69

25;50;79.10
25;55;239.07
25;60;57.62

25;65;208.20
25;70;349.72
25;75;174.52

25;80;315.97
25;85;141.52

25;90;283.04
25;95;103.52
25;100;262.94

25;105;69.83
25;110;229.67
25;115;64.07

25;120;195.30
25;125;335.39

25;130;160.18
25;135;300.95
25;140;124.99

25;145;263.63
25;150;82.73
25;155;244.35

25;160;60.44
25;165;208.89

25;170;349.59
25;175;173.76
25;180;315.29

30;0;138.64
30;5;291.69
30;10;102.08

30;15;256.43
30;20;65.51

30;25;211.08
30;30;57.62
30;35;193.18

30;40;333.88
30;45;157.99

30;50;300.26
30;55;124.30
30;60;267.95

30;65;87.05
30;70;236.46
30;75;61.88

30;80;203.88
30;85;358.37

30;90;184.05
30;95;325.37
30;100;150.85

30;105;292.24
30;110;114.97
30;115;257.11

30;120;74.09
30;125;222.06

30;130;62.63
30;135;188.44
30;140;342.59

30;145;166.84
30;150;306.71
30;155;130.75

30;160;270.76
30;165;87.74

30;170;236.40
30;175;62.01
30;180;202.78

35;0;354.73
35;5;179.05
35;10;-1.00

35;15;141.04
35;20;283.66

35;25;110.10
35;30;246.41
35;35;72.65

35;40;211.36
35;45;54.06
35;50;179.05

35;55;343.27
35;60;150.30

35;65;312.40
35;70;123.55
35;75;280.16
35;80;96.66
35;85;257.18
35;90;66.95

35;95;218.56
35;100;64.07
35;105;196.20

35;110;172.60
35;115;156.75

35;120;315.29
35;125;106.60
35;130;272.20

35;135;83.01
35;140;245.79
35;145;61.19

35;150;212.73
35;155;366.87

35;160;177.61
35;165;328.25
35;170;138.16

35;175;295.94
35;180;100.84
40;0;260.82

40;5;62.97
40;10;219.86

40;15;56.87
40;20;172.60
40;25;328.87

40;30;139.60
40;35;294.57
40;40;122.45

40;45;276.60
40;50;73.61

40;55;244.90
40;60;44.59
40;65;213.48

40;70;367.56
40;75;180.49
40;80;333.94

40;85;145.36
40;90;302.32

40;95;109.55
40;100;267.27
40;105;73.61

40;110;234.34
40;115;66.20
40;120;199.56

40;125;353.29
40;130;164.43

40;135;319.33
40;140;129.31
40;145;284.14

40;150;87.74
40;155;248.33
40;160;61.95

40;165;213.21
40;170;352.81

40;175;178.84
40;180;333.26
45;0;141.80

45;5;295.25
45;10;105.23

45;15;258.69
45;20;67.02
45;25;228.58

45;30;55.70
45;35;195.30
45;40;60.71

45;45;162.31
45;50;302.18

45;55;128.63
45;60;284.90
45;65;86.30

45;70;251.97
45;75;63.46
45;80;219.73

45;85;73.33
45;90;185.97

45;95;325.37
45;100;150.78
45;105;291.41

45;110;112.92
45;115;270.15
45;120;74.09

45;125;233.24
45;130;62.70

45;135;198.25
45;140;2.40
45;145;162.99

45;150;303.14
45;155;125.68
45;160;265.76

45;165;81.91
45;170;242.91

45;175;59.82
45;180;208.20
50;0;345.40

50;5;168.82
50;10;325.23
50;15;130.68

50;20;274.47
50;25;94.12

50;30;240.79
50;35;64.14
50;40;206.21

50;45;59.75
50;50;186.73
50;55;325.99

50;60;153.73
50;65;295.25

50;70;110.65
50;75;261.50
50;80;79.92

50;85;227.82
50;90;60.44
50;95;194.48

50;100;348.90
50;105;173.35

50;110;313.16
50;115;135.83
50;120;275.15

50;125;92.06
50;130;239.35
50;135;64.07

50;140;204.09
50;145;356.79

50;150;166.63
50;155;321.73
50;160;141.73

50;165;283.66
50;170;99.95
50;175;250.80

50;180;66.95
55;0;208.48

55;5;62.63
55;10;185.43
55;15;336.07

55;20;128.90
55;25;281.53
55;30;113.88

55;35;247.99
55;40;71.96

55;45;214.17
55;50;56.25
55;55;194.14

55;60;336.76
55;65;164.02

55;70;318.85
55;75;132.47
55;80;287.37

55;85;91.24
55;90;251.42
55;95;62.97

55;100;219.11
55;105;372.64

55;110;181.86
55;115;337.44
55;120;142.41

55;125;296.63
55;130;103.72
55;135;264.38

55;140;66.89
55;145;224.25

55;150;72.92
55;155;172.32
55;160;339.02

55;165;149.62
55;170;302.11
55;175;110.03

55;180;266.24
60;0;70.11

60;5;226.24
60;10;59.27
60;15;188.79

60;20;345.47
60;25;156.55
60;30;310.07

60;35;120.94
60;40;274.33

60;45;79.51
60;50;240.10
60;55;55.70

60;60;207.03
60;65;346.84
60;70;165.81

60;75;310.76
60;80;135.00

60;85;289.15
60;90;93.50
60;95;254.78

60;100;64.83
60;105;219.73
60;110;357.61

60;115;182.34
60;120;321.05

60;125;144.33
60;130;282.77
60;135;101.25

60;140;259.38
60;145;67.71
60;150;223.22

60;155;74.84
60;160;185.29

60;165;323.86
60;170;146.67
60;175;286.54

60;180;105.64
65;0;246.96
65;5;64.76

65;10;223.98
65;15;54.88

65;20;188.10
65;25;328.94
65;30;152.29

65;35;291.55
65;40;115.04
65;45;255.81

65;50;74.77
65;55;222.06

65;60;57.01
65;65;188.03
65;70;342.59

65;75;166.70
65;80;307.33
65;85;130.07

65;90;271.59
65;95;88.43

65;100;236.46
65;105;62.01
65;110;199.76

65;115;352.60
65;120;162.31
65;125;315.29

65;130;136.79
65;135;278.04

65;140;94.26
65;145;242.16
65;150;64.07

65;155;206.28
65;160;360.36

65;165;176.16
65;170;333.19
65;175;142.89

65;180;292.37
70;0;94.46
70;5;252.86

70;10;64.14
70;15;213.55

70;20;60.44
70;25;166.90
70;30;320.36

70;35;133.08
70;40;284.48
70;45;110.31

70;50;263.63
70;55;67.91

70;60;231.53
70;65;60.44
70;70;181.86

70;75;351.09
70;80;163.95
70;85;314.60

70;90;119.57
70;95;281.53

70;100;85.82
70;105;243.60
70;110;65.51

70;115;207.03
70;120;141.52
70;125;169.03

70;130;322.28
70;135;131.37

70;140;284.90
70;145;87.05
70;150;246.89

70;155;61.95
70;160;208.89
70;165;343.96

70;170;168.82
70;175;322.76

70;180;131.85
75;0;284.48
75;5;84.17

75;10;248.61
75;15;58.58
75;20;210.40

75;25;95.90
75;30;175.96

75;35;315.29
75;40;140.08
75;45;293.06

75;50;100.70
75;55;258.42
75;60;67.57

75;65;216.02
75;70;63.39

75;75;192.42
75;80;175.89
75;85;156.61

75;90;296.63
75;95;120.74
75;100;261.23

75;105;78.41
75;110;240.03

75;115;62.70
75;120;203.81
75;125;341.15

75;130;166.56
75;135;305.89
75;140;128.69

75;145;268.64
75;150;85.61

75;155;231.80
75;160;60.44
75;165;207.72

75;170;344.58
75;175;170.20
75;180;311.03

80;0;133.70
80;5;284.42

80;10;90.69
80;15;249.29
80;20;60.51

80;25;201.82
80;30;64.69
80;35;181.17

80;40;321.80
80;45;145.78

80;50;286.54
80;55;111.48
80;60;253.55

80;65;74.09
80;70;222.06

80;75;61.88
80;80;187.69
80;85;342.59

80;90;153.60
80;95;306.64
80;100;129.45

80;105;271.52
80;110;87.74

80;115;234.96
80;120;61.88
80;125;199.21

80;130;3.77
80;135;162.51
80;140;321.80

80;145;129.24
80;150;280.85

80;155;95.83
80;160;254.99
80;165;65.51

80;170;223.43
80;175;374.76
80;180;186.94

85;0;323.11
85;5;143.17

85;10;298.82
85;15;104.20
85;20;244.28

85;25;68.33
85;30;214.17
85;35;56.18

85;40;179.80
85;45;331.82

85;50;144.61
85;55;314.60
85;60;109.49

85;65;280.16
85;70;84.31
85;75;247.17

85;80;60.09
85;85;214.24

85;90;368.38
85;95;179.05
85;100;331.00

85;105;141.04
85;110;298.82
85;115;99.40

85;120;260.06
85;125;69.29

85;130;224.67
85;135;361.59
85;140;187.35

85;145;341.08
85;150;150.17
85;155;302.80

85;160;109.21
85;165;265.62

85;170;69.77
85;175;229.67
85;180;67.50

90;0;194.14
90;5;3.84
90;10;159.01

90;15;310.96
90;20;121.70

90;25;275.91
90;30;80.54
90;35;241.88

90;40;56.25
90;45;206.76
90;50;97.34

90;55;173.83
90;60;314.60

90;65;137.95
90;70;280.92
90;75;100.57

90;80;259.86
90;85;67.71
90;90;226.17

90;95;66.27
90;100;192.42

90;105;331.06
90;110;157.30
90;115;295.19

90;120;105.71
90;125;259.79
90;130;77.66

90;135;237.90
90;140;64.83

90;145;202.44
90;150;3.84
90;155;167.38

90;160;306.57
90;165;129.38

90;170;268.64
90;175;87.05
90;180;234.06

95;0;62.63
95;5;208.89
95;10;364.75

95;15;173.15
95;20;314.53

95;25;139.40
95;30;280.16
95;35;100.64

95;40;244.22
95;45;64.83
95;50;211.08

95;55;59.13
95;60;191.94

95;65;333.88
95;70;140.08
95;75;300.95

95;80;123.55
95;85;265.96
95;90;84.17

95;95;231.39
95;100;59.82

95;105;198.32
95;110;350.41
95;115;160.11

95;120;315.29
95;125;138.23
95;130;278.04

95;135;94.94
95;140;242.78

95;145;65.51
95;150;207.03
95;155;77.66

95;160;173.35
95;165;328.25
95;170;135.76

95;175;295.94
95;180;106.67

100;0;248.61
100;5;66.27
100;10;226.38

100;15;55.43
100;20;175.41
100;25;323.11

100;30;135.35
100;35;285.86

100;40;98.51
100;45;251.56
100;50;76.49

100;55;228.51
100;60;57.01
100;65;194.07

100;70;2.40
100;75;173.35

100;80;327.43
100;85;137.47
100;90;291.62

100;95;94.81
100;100;254.37
100;105;62.91

100;110;220.00
100;115;372.70

100;120;183.37
100;125;332.50
100;130;145.29

100;135;283.04
100;140;97.96
100;145;260.82

100;150;65.51
100;155;219.18

100;160;357.68
100;165;182.61
100;170;334.36

100;175;143.58
100;180;297.11
105;0;99.47

105;5;256.43
105;10;63.66

105;15;219.25
105;20;56.11
105;25;185.29

105;30;338.95
105;35;149.34
105;40;302.87

105;45;112.37
105;50;266.51

105;55;70.93
105;60;232.83
105;65;58.38

105;70;198.46
105;75;338.68
105;80;163.41

105;85;317.00
105;90;127.39

105;95;281.74
105;100;85.61
105;105;246.21

105;110;60.71
105;115;210.33
105;120;349.72

105;125;173.83
105;130;311.44

105;135;135.00
105;140;288.81
105;145;91.31

105;150;251.21
105;155;61.95
105;160;213.96

105;165;353.29
105;170;175.27

105;175;315.29
105;180;139.26
110;0;279.13

110;5;95.70
110;10;256.43
110;15;62.01

110;20;219.73
110;25;56.18

110;30;186.04
110;35;325.99
110;40;149.34

110;45;290.25
110;50;113.46

110;55;255.54
110;60;73.54
110;65;227.82

110;70;57.62
110;75;201.00
110;80;341.08

110;85;166.70
110;90;307.33

110;95;128.56
110;100;269.46
110;105;88.43

110;110;235.71
110;115;62.56
110;120;215.61

110;125;353.98
110;130;178.02

110;135;315.29
110;140;140.77
110;145;279.41

110;150;97.00
110;155;242.84
110;160;65.44

110;165;203.95
110;170;358.37

110;175;182.68
110;180;322.56
115;0;145.36

115;5;295.94
115;10;104.96
115;15;260.13

115;20;66.20
115;25;212.87

115;30;58.31
115;35;178.02
115;40;332.50

115;45;156.20
115;50;295.94
115;55;110.65

115;60;262.94
115;65;81.36

115;70;229.95
115;75;60.57
115;80;197.71

115;85;351.85
115;90;161.90
115;95;315.29

115;100;127.12
115;105;282.29

115;110;97.14
115;115;249.43
115;120;66.20

115;125;214.17
115;130;366.19
115;135;172.67

115;140;331.68
115;145;138.64

115;150;290.93
115;155;103.79
115;160;266.51

115;165;67.91
115;170;227.82
115;175;66.89

115;180;194.07
120;0;338.34

120;5;150.30
120;10;305.89
120;15;112.85

120;20;252.17
120;25;74.36
120;30;221.30

120;35;56.11
120;40;186.25

120;45;340.32
120;50;151.13
120;55;321.80

120;60;133.91
120;65;287.37
120;70;93.43

120;75;255.88
120;80;65.79

120;85;221.99
120;90;377.03
120;95;186.87

120;100;338.88
120;105;149.75
120;110;306.64

120;115;113.81
120;120;267.95

120;125;72.65
120;130;234.96
120;135;66.54

120;140;196.33
120;145;169.44
120;150;158.26

120;155;312.34
120;160;120.74

120;165;274.13
120;170;77.66
120;175;238.39

120;180;63.04
125;0;201.27
125;5;349.93

125;10;164.64
125;15;315.01

125;20;127.12
125;25;282.01
125;30;88.01

125;35;249.02
125;40;59.82
125;45;213.62

125;50;51.86
125;55;181.31

125;60;323.45
125;65;147.49
125;70;301.84

125;75;111.61
125;80;268.71
125;85;73.61

125;90;234.27
125;95;62.29

125;100;201.27
125;105;4.05
125;110;166.90

125;115;306.30
125;120;130.34
125;125;284.00

125;130;86.30
125;135;246.96

125;140;61.88
125;145;211.08
125;150;350.48

125;155;174.52
125;160;312.82
125;165;136.51

125;170;288.74
125;175;92.75

125;180;253.68
130;0;64.14
130;5;214.65

130;10;73.75
130;15;180.21
130;20;322.56

130;25;147.22
130;30;286.27

130;35;111.48
130;40;252.59
130;45;71.28

130;50;231.94
130;55;55.43
130;60;200.38

130;65;341.08
130;70;155.86

130;75;307.40
130;80;130.75
130;85;271.59

130;90;89.18
130;95;238.25
130;100;63.46

130;105;216.30
130;110;356.86

130;115;181.65
130;120;320.29
130;125;145.16

130;130;284.48
130;135;103.52
130;140;248.33

130;145;69.08
130;150;211.36

130;155;70.59
130;160;188.44
130;165;328.25

130;170;151.61
130;175;291.55

130;180;113.60
135;0;253.55
135;5;71.28

135;10;232.62
135;15;54.74
135;20;183.02

135;25;337.65
135;30;162.31

135;35;303.07
135;40;127.18
135;45;265.83

135;50;86.98
135;55;235.64
135;60;61.12

135;65;202.78
135;70;356.86

135;75;167.38
135;80;321.73
135;85;145.09

135;90;286.68
135;95;108.53
135;100;252.17

135;105;71.34
135;110;217.05

135;115;65.51
135;120;181.17
135;125;332.50

135;130;143.58
135;135;296.63
135;140;118.88

135;145;259.38
135;150;76.35

135;155;226.45
135;160;61.95
135;165;194.82

135;170;342.45
135;175;163.82
135;180;312.40

140;0;122.45
140;5;275.09

140;10;80.61
140;15;238.66
140;20;56.18

140;25;189.88
140;30;339.71
140;35;154.69

140;40;312.47
140;45;114.49

140;50;278.72
140;55;89.93
140;60;249.98

140;65;64.14
140;70;220.62
140;75;72.72

140;80;187.69
140;85;341.77

140;90;151.81
140;95;306.78
140;100;114.49

140;105;269.46
140;110;73.33
140;115;232.83

140;120;65.72
140;125;179.05

140;130;347.53
140;135;159.70
140;140;312.40

140;145;115.87
140;150;270.22
140;155;72.58

140;160;231.39
140;165;69.35

140;170;194.82
140;175;1.03
140;180;160.18

145;0;316.04
145;5;118.82
145;10;273.65

145;15;76.49
145;20;237.90

145;25;56.87
145;30;203.19
145;35;61.12

145;40;167.25
145;45;320.02

145;50;128.90
145;55;285.92
145;60;90.28

145;65;252.17
145;70;65.10
145;75;217.81

145;80;357.06
145;85;182.00

145;90;320.98
145;95;145.36
145;100;299.92

145;105;104.48
145;110;262.94
145;115;68.67

145;120;225.69
145;125;74.09

145;130;189.82
145;135;327.50
145;140;150.78

145;145;290.66
145;150;109.21
145;155;265.14

145;160;69.08
145;165;226.17

145;170;63.66
145;175;190.30
145;180;330.38

150;0;152.91
150;5;304.17
150;10;115.04

150;15;264.80
150;20;71.21

150;25;231.11
150;30;55.43
150;35;195.99

150;40;335.32
150;45;158.67
150;50;301.77

150;55;125.74
150;60;267.95

150;65;85.54
150;70;232.49
150;75;60.57

150;80;212.04
150;85;351.85
150;90;176.71

150;95;316.73
150;100;140.08

150;105;280.16
150;110;96.45
150;115;242.84

150;120;65.51
150;125;206.07
150;130;358.98

150;135;182.75
150;140;320.98

150;145;143.65
150;150;282.29
150;155;99.20

150;160;244.35
150;165;65.58
150;170;206.01

150;175;358.98
150;180;170.20

155;0;320.29
155;5;142.28
155;10;296.70

155;15;97.69
155;20;247.10
155;25;66.95

155;30;211.29
155;35;56.87

155;40;174.04
155;45;330.38
155;50;140.77

155;55;296.63
155;60;120.74
155;65;262.26

155;70;79.78
155;75;227.82

155;80;60.44
155;85;196.26
155;90;347.60

155;95;158.26
155;100;318.85
155;105;130.00

155;110;275.15
155;115;90.96

155;120;245.73
155;125;63.39
155;130;208.41

155;135;361.25
155;140;179.73
155;145;330.38

155;150;143.72
155;155;296.63

155;160;97.07
155;165;259.24
155;170;63.66

155;175;219.11
155;180;373.32
160;0;175.48

160;5;332.50
160;10;143.92

160;15;293.75
160;20;91.31
160;25;248.61

160;30;56.87
160;35;213.41
160;40;58.45

160;45;175.48
160;50;332.50

160;55;151.13
160;60;314.53
160;65;119.50

160;70;280.16
160;75;85.54
160;80;246.41

160;85;60.37
160;90;212.80

160;95;366.32
160;100;174.79
160;105;328.94

160;110;138.23
160;115;293.06
160;120;96.25

160;125;257.25
160;130;67.98

160;135;221.78
160;140;359.46
160;145;185.15

160;150;337.44
160;155;146.46
160;160;299.92

160;165;104.13
160;170;261.98

160;175;68.39
160;180;226.79
165;0;68.33

165;5;190.16
165;10;178.36
165;15;150.44

165;20;306.71
165;25;117.44

165;30;272.34
165;35;77.93
165;40;237.22

165;45;57.14
165;50;204.98
165;55;346.09

165;60;171.09
165;65;312.40

165;70;133.91
165;75;291.62
165;80;97.41

165;85;257.87
165;90;66.54
165;95;224.32

165;100;69.35
165;105;189.61

165;110;329.62
165;115;154.49
165;120;292.78

165;125;114.91
165;130;270.15
165;135;74.09

165;140;234.68
165;145;65.72

165;150;198.12
165;155;-1.00
165;160;161.55

165;165;301.36
165;170;124.30
165;175;263.36

165;180;82.05
170;0;242.16

170;5;59.13
170;10;206.69
170;15;3.77

170;20;172.39
170;25;313.78
170;30;137.95

170;35;279.41
170;40;99.88

170;45;245.45
170;50;66.27
170;55;225.42

170;60;62.01
170;65;193.18

170;70;334.63
170;75;159.50
170;80;300.95

170;85;124.30
170;90;266.51
170;95;84.86

170;100;232.49
170;105;61.19

170;110;213.48
170;115;352.54
170;120;176.65

170;125;315.29
170;130;139.33
170;135;281.60

170;140;99.20
170;145;245.73

170;150;66.95
170;155;210.33
170;160;71.28

170;165;186.87
170;170;323.93
170;175;150.03

170;180;290.93
175;0;112.16

175;5;267.27
175;10;75.46
175;15;229.33

175;20;55.43
175;25;185.29
175;30;338.20

175;35;164.43
175;40;299.51

175;45;128.56
175;50;270.15
175;55;88.43

175;60;238.59
175;65;63.39
175;70;205.53

175;75;73.40
175;80;173.08

175;85;328.11
175;90;152.57
175;95;291.55

175;100;115.80
175;105;258.69
175;110;76.90

175;115;224.25
175;120;62.56

175;125;189.13
175;130;342.59
175;135;152.98

175;140;306.71
175;145;129.59
175;150;270.15

175;155;86.37
175;160;238.59

175;165;61.26
175;170;210.60
175;175;361.93

175;180;177.61
180;0;314.60
180;5;137.95

180;10;293.06
180;15;95.01

180;20;237.84
180;25;66.27
180;30;209.16

180;35;56.87
180;40;180.49
180;45;327.57

180;50;139.60
180;55;303.07

180;60;117.85
180;65;272.89
180;70;87.26

180;75;243.46
180;80;62.70
180;85;219.25

180;90;374.08
180;95;181.17

180;100;339.71
180;105;150.99
180;110;305.34

180;115;112.71
180;120;269.46
180;125;72.92

180;130;234.96
180;135;66.20

180;140;201.27
180;145;-1.00
180;150;166.77

180;155;320.29
180;160;128.83

180;165;282.29
180;170;85.54
180;175;247.17

180;180;59.41
0;0;200.52
0;5;361.93

0;10;176.16
0;15;328.94

0;20;125.26
0;25;285.86
0;30;99.47

0;35;257.18
0;40;78.68
0;45;227.07

0;50;57.76
0;55;204.84

0;60;355.42
0;65;175.41
0;70;341.08

0;75;156.13
0;80;312.40
0;85;125.33

0;90;281.60
0;95;90.14

0;100;254.37
0;105;64.96
0;110;224.94

0;115;74.09
0;120;194.89
0;125;342.52

0;130;143.17
0;135;321.12

0;140;132.40
0;145;289.56
0;150;90.21

0;155;253.55
0;160;64.76
0;165;221.37

0;170;67.91
0;175;189.82

0;180;173.76
5;0;163.95
5;5;313.16

5;10;125.95
5;15;279.34
5;20;78.62

5;25;239.28
5;30;64.35

5;35;223.43
5;40;39.65
5;45;182.75

5;50;349.65
5;55;154.01
5;60;321.67

5;65;126.77
5;70;290.11

5;75;100.91
5;80;262.19
5;85;71.21

5;90;234.20
5;95;65.79
5;100;203.88

5;105;360.42
5;110;173.76

5;115;330.03
5;120;142.89
5;125;299.92

5;130;107.08
5;135;267.61
5;140;74.02

5;145;237.63
5;150;64.69

5;155;206.01
5;160;344.99
5;165;173.76

5;170;328.94
5;175;140.77
5;180;297.79

10;0;104.55
10;5;263.01

10;10;69.83
10;15;229.26
10;20;53.99

10;25;201.27
10;30;72.92
10;35;170.95

10;40;325.99
10;45;128.63

10;50;295.05
10;55;101.25
10;60;266.31

10;65;72.65
10;70;235.44
10;75;59.96

10;80;206.07
10;85;346.77

10;90;174.52
10;95;316.45
10;100;140.84

10;105;298.82
10;110;106.33
10;115;266.24

10;120;71.96
10;125;233.31

10;130;65.17
10;135;201.07
10;140;340.32

10;145;168.82
10;150;309.59
10;155;132.88

10;160;288.19
10;165;93.43

10;170;255.54
10;175;66.27
10;180;223.91

15;0;71.48
15;5;190.30

15;10;-1.00
15;15;156.55
15;20;300.95

15;25;126.43
15;30;282.29
15;35;89.18

15;40;250.46
15;45;63.39

15;50;220.41
15;55;59.75
15;60;191.74

15;65;334.63
15;70;155.04
15;75;303.76

15;80;130.07
15;85;274.06

15;90;93.43
15;95;257.32
15;100;66.89

15;105;226.11
15;110;66.20
15;115;195.24

15;120;336.07
15;125;162.38

15;130;303.83
15;135;129.38
15;140;269.80

15;145;89.93
15;150;252.24
15;155;64.00

15;160;219.04
15;165;357.61

15;170;184.47
15;175;326.12
15;180;151.47

20;0;291.69
20;5;117.17
20;10;272.96

20;15;76.21
20;20;240.79

20;25;57.56
20;30;209.64
20;35;351.85

20;40;178.09
20;45;321.73
20;50;147.28

20;55;290.11
20;60;116.48

20;65;260.75
20;70;79.78
20;75;228.99

20;80;60.44
20;85;213.21
20;90;354.66

20;95;181.04
20;100;323.11

20;105;148.72
20;110;290.11
20;115;114.36

20;120;256.50
20;125;75.53
20;130;223.98

20;135;64.00
20;140;205.66

20;145;346.16
20;150;171.57
20;155;312.47

20;160;142.21
20;165;279.41
20;170;98.51

20;175;245.73
20;180;69.83

25;0;211.08
25;5;79.10
25;10;192.42

25;15;345.47
25;20;159.43
25;25;302.39

25;30;128.63
25;35;270.08

25;40;90.55
25;45;240.10
25;50;65.38

25;55;208.48
25;60;67.71
25;65;194.14

25;70;334.63
25;75;162.38

25;80;303.76
25;85;130.00
25;90;273.03

25;95;92.75
25;100;241.47
25;105;67.02

25;110;209.16
25;115;364.81

25;120;175.07
25;125;329.69
25;130;156.13

25;135;296.63
25;140;121.49

25;145;260.82
25;150;81.22
25;155;229.95

25;160;64.00
25;165;195.51
25;170;350.41

25;175;162.93
25;180;317.41

30;0;139.67
30;5;294.50
30;10;103.52

30;15;258.55
30;20;68.39
30;25;212.80

30;30;60.57
30;35;177.61

30;40;153.94
30;45;150.44
30;50;305.20

30;55;133.22
30;60;276.46
30;65;97.00

30;70;246.48
30;75;69.01

30;80;216.98
30;85;68.39
30;90;186.25

30;95;1.72
30;100;156.13
30;105;312.40

30;110;121.42
30;115;282.98

30;120;91.58
30;125;247.17
30;130;66.27

30;135;210.53
30;140;372.64
30;145;182.00
30;150;346.02
30;155;158.95
30;160;310.90

30;165;120.74
30;170;276.60

30;175;75.73
30;180;243.60
35;0;65.44

35;5;203.40
35;10;359.12
35;15;169.03

